,Productivity,Digester,Fermenter,PBR,Reactor,Land,Water,Power,Mass
0,5,0.45,0.43200000000000005,1.55,7.85,31450,142270.365,26.990902313984307,37.838014475103684
1,6,0.45,0.43200000000000005,1.55,7.85,26208,121243.4496,26.6160626441308,32.99089599326868
2,7,0.45,0.43200000000000005,1.55,7.85,22464,106225.51680000001,26.3485643273308,29.528994870195145
3,8,0.45,0.43200000000000005,1.55,7.85,19656,94962.0672,26.147940589730798,26.932569027889997
4,9,0.45,0.43200000000000005,1.55,7.85,17472,86201.6064,25.991899904930797,24.9131267060971
5,10,0.45,0.43200000000000005,1.55,7.85,15725,79194.245,25.867395093984307,23.29784482757929
6,11,0.45,0.43200000000000005,1.55,7.85,14296,73462.8552,25.76623738766233,21.97677672388344
7,12,0.45,0.43200000000000005,1.55,7.85,13104,68680.6848,25.6798185353308,20.874242062511307
